asset_id,family,name,variant,src,total_width_mm,total_height_mm,main_length_mm,main_thickness_mm,main_thickness_to_length,edge_width_mm,edge_height_mm,red_segment_to_black_ratio,vertical_edge_thickness_to_length,window_count,window_width_mm,window_height_mm,window_gap_mm,rear_projection_mm,connector_mm
1-A,1,Double-headed arrow,A,public/line-similarity/assets/1-A.svg,45.0,4.5,36.0,0.9,1:40,4.5,4.5,,,,,,,,
1-E,1,Double-headed arrow,E,public/line-similarity/assets/1-E.svg,54.0,9.0,36.0,0.9,1:40,9.0,9.0,,,,,,,,
1-L,1,Double-headed arrow,L,public/line-similarity/assets/1-L.svg,81.0,4.5,72.0,0.9,1:80,4.5,4.5,,,,,,,,
1-P,1,Double-headed arrow,P,public/line-similarity/assets/1-P.svg,90.0,9.0,72.0,1.8,1:40,9.0,9.0,,,,,,,,
2-A,2,Circles at both ends,A,public/line-similarity/assets/2-A.svg,45.0,4.5,36.0,0.9,1:40,4.5,4.5,,,,,,,,
2-E,2,Circles at both ends,E,public/line-similarity/assets/2-E.svg,54.0,9.0,36.0,0.9,1:40,9.0,9.0,,,,,,,,
2-L,2,Circles at both ends,L,public/line-similarity/assets/2-L.svg,81.0,4.5,72.0,0.9,1:80,4.5,4.5,,,,,,,,
2-P,2,Circles at both ends,P,public/line-similarity/assets/2-P.svg,90.0,9.0,72.0,1.8,1:40,9.0,9.0,,,,,,,,
3-A,3,Colored end segments,A,public/line-similarity/assets/3-A.svg,39.6,0.9,36.0,0.9,1:40,1.8,0.9,1:20,,,,,,,
3-E,3,Colored end segments,E,public/line-similarity/assets/3-E.svg,43.2,0.9,36.0,0.9,1:40,3.6,0.9,1:10,,,,,,,
3-L,3,Colored end segments,L,public/line-similarity/assets/3-L.svg,75.6,0.9,72.0,0.9,1:80,1.8,0.9,1:40,,,,,,,
3-P,3,Colored end segments,P,public/line-similarity/assets/3-P.svg,79.2,1.8,72.0,1.8,1:40,3.6,1.8,1:20,,,,,,,
4-A,4,Short vertical end lines,A,public/line-similarity/assets/4-A.svg,37.8,3.6,36.0,0.9,1:40,0.9,3.6,,1:4,,,,,,
4-E,4,Short vertical end lines,E,public/line-similarity/assets/4-E.svg,37.8,7.2,36.0,0.9,1:40,0.9,7.2,,1:8,,,,,,
4-L,4,Short vertical end lines,L,public/line-similarity/assets/4-L.svg,73.8,3.6,72.0,0.9,1:80,0.9,3.6,,1:4,,,,,,
4-P,4,Short vertical end lines,P,public/line-similarity/assets/4-P.svg,75.6,7.2,72.0,1.8,1:40,1.8,7.2,,1:4,,,,,,
5-A,5,One abstract right end,A,public/line-similarity/assets/5-A.svg,40.5,4.5,36.0,0.9,1:40,4.5,4.5,,,,,,,,
5-E,5,One abstract right end,E,public/line-similarity/assets/5-E.svg,45.0,9.0,36.0,0.9,1:40,9.0,9.0,,,,,,,,
5-L,5,One abstract right end,L,public/line-similarity/assets/5-L.svg,76.5,4.5,72.0,0.9,1:80,4.5,4.5,,,,,,,,
5-P,5,One abstract right end,P,public/line-similarity/assets/5-P.svg,81.0,9.0,72.0,1.8,1:40,9.0,9.0,,,,,,,,
6-A,6,Snake,A,public/line-similarity/assets/6-A.svg,43.2,5.4,36.0,1.8,1:20,7.2,5.4,,,,,,,,
6-L,6,Snake,L,public/line-similarity/assets/6-L.svg,79.2,5.4,72.0,1.8,1:40,7.2,5.4,,,,,,,,
6-P,6,Snake,P,public/line-similarity/assets/6-P.svg,86.4,10.8,72.0,3.6,1:20,14.4,10.8,,,,,,,,
7-A,7,Train,A,public/line-similarity/assets/7-A.svg,50.4,6.6,42.0,4.2,1:10,,,,,14,1.8,1.2,1.2,0.6,1.8
7-L,7,Train,L,public/line-similarity/assets/7-L.svg,92.4,6.6,84.0,4.2,1:20,,,,,28,1.8,1.2,1.2,0.6,1.8
7-P,7,Train,P,public/line-similarity/assets/7-P.svg,100.8,13.2,84.0,8.4,1:10,,,,,14,3.6,2.4,2.4,1.2,3.6
8-A,8,Lamp,A,public/line-similarity/assets/8-A.svg,6.0,38.25,30.0,0.75,1:40,6.0,7.5,,,,,,,,
8-L,8,Lamp,L,public/line-similarity/assets/8-L.svg,6.0,68.25,60.0,0.75,1:80,6.0,7.5,,,,,,,,
8-P,8,Lamp,P,public/line-similarity/assets/8-P.svg,12.0,76.5,60.0,1.5,1:40,12.0,15.0,,,,,,,,
0-A,0,Plain line,A,public/line-similarity/assets/0-A.svg,40,1,40,1,1:40,,,,,,,,,,
0-L,0,Plain line,L,public/line-similarity/assets/0-L.svg,80,1,80,1,1:80,,,,,,,,,,
0-P,0,Plain line,P,public/line-similarity/assets/0-P.svg,80,2,80,2,1:40,,,,,,,,,,
