asset_id,family,family_name,group,condition_code,notation,body_operation,edge_operation,body_part,edge_part,body_length_mm,body_thickness_mm,body_thickness_to_length,edge_width_mm,edge_height_mm,total_width_mm,total_height_mm,svg,notes
0-A,0,Plain line,Control,A,B,unchanged,n/a,plain line,none,40.0,1.0,1:40,,,40.0,1.0,0-A.svg,Control: no edge component.
0-L,0,Plain line,Control,L,Bext,ext,n/a,plain line,none,80.0,1.0,1:80,,,80.0,1.0,0-L.svg,Control: no edge component.
0-P,0,Plain line,Control,P,Benl,enl,n/a,plain line,none,80.0,2.0,1:40,,,80.0,2.0,0-P.svg,Control: no edge component.
1-A,1,Double-headed arrow,Bi-directional,A,B E,unchanged,unchanged,shaft,two arrowheads,36.0,0.9,1:40,4.5,4.5,45.0,4.5,1-A.svg,
1-E,1,Double-headed arrow,Bi-directional,E,B Eenl,unchanged,enl,shaft,two arrowheads,36.0,0.9,1:40,9.0,9.0,54.0,9.0,1-E.svg,
1-L,1,Double-headed arrow,Bi-directional,L,Bext E,ext,unchanged,shaft,two arrowheads,72.0,0.9,1:80,4.5,4.5,81.0,4.5,1-L.svg,
1-P,1,Double-headed arrow,Bi-directional,P,Benl Eenl,enl,enl,shaft,two arrowheads,72.0,1.8,1:40,9.0,9.0,90.0,9.0,1-P.svg,
2-A,2,Circles at both ends,Bi-directional,A,B E,unchanged,unchanged,shaft,two circles,36.0,0.9,1:40,4.5,4.5,45.0,4.5,2-A.svg,
2-E,2,Circles at both ends,Bi-directional,E,B Eenl,unchanged,enl,shaft,two circles,36.0,0.9,1:40,9.0,9.0,54.0,9.0,2-E.svg,
2-L,2,Circles at both ends,Bi-directional,L,Bext E,ext,unchanged,shaft,two circles,72.0,0.9,1:80,4.5,4.5,81.0,4.5,2-L.svg,
2-P,2,Circles at both ends,Bi-directional,P,Benl Eenl,enl,enl,shaft,two circles,72.0,1.8,1:40,9.0,9.0,90.0,9.0,2-P.svg,
3-A,3,Colored end segments,Bi-directional,A,B E,unchanged,unchanged,black shaft,two red end segments,36.0,0.9,1:40,1.8,0.9,39.6,0.9,3-A.svg,
3-E,3,Colored end segments,Bi-directional,E,B Eext,unchanged,ext,black shaft,two red end segments,36.0,0.9,1:40,3.6,0.9,43.2,0.9,3-E.svg,"Each red segment 1.8 -> 3.6 mm long at the shared 0.9 mm thickness (edge lengthened, not enlarged)."
3-L,3,Colored end segments,Bi-directional,L,Bext E,ext,unchanged,black shaft,two red end segments,72.0,0.9,1:80,1.8,0.9,75.6,0.9,3-L.svg,
3-P,3,Colored end segments,Bi-directional,P,Benl Eenl,enl,enl,black shaft,two red end segments,72.0,1.8,1:40,3.6,1.8,79.2,1.8,3-P.svg,
4-A,4,Short vertical end lines,Bi-directional,A,B E,unchanged,unchanged,shaft,two vertical end lines,36.0,0.9,1:40,0.9,3.6,37.8,3.6,4-A.svg,
4-E,4,Short vertical end lines,Bi-directional,E,B Eext,unchanged,ext,shaft,two vertical end lines,36.0,0.9,1:40,0.9,7.2,37.8,7.2,4-E.svg,"Vertical end line 3.6 -> 7.2 mm long at 0.9 mm thickness (edge lengthened, not enlarged)."
4-L,4,Short vertical end lines,Bi-directional,L,Bext E,ext,unchanged,shaft,two vertical end lines,72.0,0.9,1:80,0.9,3.6,73.8,3.6,4-L.svg,
4-P,4,Short vertical end lines,Bi-directional,P,Benl Eenl,enl,enl,shaft,two vertical end lines,72.0,1.8,1:40,1.8,7.2,75.6,7.2,4-P.svg,
5-A,5,One abstract right end,Uni-directional,A,B E,unchanged,unchanged,shaft,one abstract right endpoint,36.0,0.9,1:40,4.5,4.5,40.5,4.5,5-A.svg,Only the right endpoint exists in this family.
5-E,5,One abstract right end,Uni-directional,E,B Eenl,unchanged,enl,shaft,one abstract right endpoint,36.0,0.9,1:40,9.0,9.0,45.0,9.0,5-E.svg,
5-L,5,One abstract right end,Uni-directional,L,Bext E,ext,unchanged,shaft,one abstract right endpoint,72.0,0.9,1:80,4.5,4.5,76.5,4.5,5-L.svg,
5-P,5,One abstract right end,Uni-directional,P,Benl Eenl,enl,enl,shaft,one abstract right endpoint,72.0,1.8,1:40,9.0,9.0,81.0,9.0,5-P.svg,
6-A,6,Snake,Uni-directional,A,B E,unchanged,unchanged,snake body,head (and tail taper),36.0,1.8,1:20,7.2,5.4,43.2,5.4,6-A.svg,
6-L,6,Snake,Uni-directional,L,Bext E,ext,unchanged,snake body,head (and tail taper),72.0,1.8,1:40,7.2,5.4,79.2,5.4,6-L.svg,Body length doubled; head unchanged.
6-P,6,Snake,Uni-directional,P,Benl Eenl,enl,enl,snake body,head (and tail taper),72.0,3.6,1:20,14.4,10.8,86.4,10.8,6-P.svg,Body and head doubled.
7-A,7,Train,Uni-directional,A,B E,unchanged,unchanged,windowed carriage,"locomotive, connector, rear projection, wheels",42.0,4.2,1:10,,,50.4,6.6,7-A.svg,
7-L,7,Train,Uni-directional,L,Bext E,ext,unchanged,windowed carriage,"locomotive, connector, rear projection, wheels",84.0,4.2,1:20,,,92.4,6.6,7-L.svg,"Window count 14 -> 28; window size, gaps, rear projection, connector, locomotive and wheel radius unchanged."
7-P,7,Train,Uni-directional,P,Benl Eenl,enl,enl,windowed carriage,"locomotive, connector, rear projection, wheels",84.0,8.4,1:10,,,100.8,13.2,7-P.svg,Every dimension doubled; still 14 windows.
8-A,8,Lamp,Uni-directional,A,B E,unchanged,unchanged,lamp pole,upper fixture and base,30.0,0.75,1:40,6.0,7.5,6.0,38.25,8-A.svg,Vertical object: body length is the pole height.
8-L,8,Lamp,Uni-directional,L,Bext E,ext,unchanged,lamp pole,upper fixture and base,60.0,0.75,1:80,6.0,7.5,6.0,68.25,8-L.svg,Pole height doubled; fixture and base unchanged.
8-P,8,Lamp,Uni-directional,P,Benl Eenl,enl,enl,lamp pole,upper fixture and base,60.0,1.5,1:40,12.0,15.0,12.0,76.5,8-P.svg,"Pole, fixture and base all doubled."
