order,trial_id,family,group,name,reference_asset,left_label,left_variant,left_asset,right_label,right_variant,right_asset
1,0.1,0,Control,Plain line,0-A,B,L,0-L,C,P,0-P
2,1.1,1,Bi-directional,Double-headed arrow,1-A,B,E,1-E,C,L,1-L
3,1.2,1,Bi-directional,Double-headed arrow,1-A,B,E,1-E,C,P,1-P
4,1.3,1,Bi-directional,Double-headed arrow,1-A,B,L,1-L,C,P,1-P
5,2.1,2,Bi-directional,Circles at both ends,2-A,B,E,2-E,C,L,2-L
6,2.2,2,Bi-directional,Circles at both ends,2-A,B,E,2-E,C,P,2-P
7,2.3,2,Bi-directional,Circles at both ends,2-A,B,L,2-L,C,P,2-P
8,3.1,3,Bi-directional,Colored end segments,3-A,B,E,3-E,C,L,3-L
9,3.2,3,Bi-directional,Colored end segments,3-A,B,E,3-E,C,P,3-P
10,3.3,3,Bi-directional,Colored end segments,3-A,B,L,3-L,C,P,3-P
11,4.1,4,Bi-directional,Short vertical end lines,4-A,B,E,4-E,C,L,4-L
12,4.2,4,Bi-directional,Short vertical end lines,4-A,B,E,4-E,C,P,4-P
13,4.3,4,Bi-directional,Short vertical end lines,4-A,B,L,4-L,C,P,4-P
14,5.1,5,Uni-directional,One abstract right end,5-A,B,E,5-E,C,L,5-L
15,5.2,5,Uni-directional,One abstract right end,5-A,B,E,5-E,C,P,5-P
16,5.3,5,Uni-directional,One abstract right end,5-A,B,L,5-L,C,P,5-P
17,6.1,6,Uni-directional,Snake,6-A,B,L,6-L,C,P,6-P
18,7.1,7,Uni-directional,Train,7-A,B,L,7-L,C,P,7-P
19,8.1,8,Uni-directional,Lamp,8-A,B,L,8-L,C,P,8-P
